{
  "mean": [
    0.005240166559815407,
    0.005222771782428026,
    0.005286598112434149,
    1.0
  ],
  "std": [
    0.05877992883324623,
    0.05873067304491997,
    0.059298109263181686,
    0.00000024509
  ]
}